"","2000","2001","2002","2003","2004","2005","2006","2007","2008","2009","2010","2011","2012","2013","2014","2015","2016","2017","2018","2019","2020"
"1-1",3353,1415,1233,1801,799,690,669,920,614,4731,769,913,846,826,530,883,1266,647,459,826,826
"1-2",3353,1457,1218,1790,770,690,669,922,624,4720,769,913,846,767,530,887,1266,647,448,803,803
"1-3",3293,1377,1158,1717,770,695,650,880,621,4720,769,914,790,765,528,887,1266,639,442,803,796
"1-4",3379,1370,1135,1717,770,704,631,861,624,4720,751,886,790,764,528,887,1295,614,437,752,796
"1-5",3413,1378,1135,1717,770,719,638,870,624,4342,748,874,791,764,528,994,1329,609,430,752,796
"1-6",3658,1378,1135,1625,741,719,625,870,624,4039,744,880,792,764,555,1010,1378,601,430,752,774
"1-7",3656,1378,1102,1610,741,711,625,870,627,3930,743,892,792,765,554,977,1423,601,430,726,794
"1-8",3656,1381,1124,1682,744,711,625,871,622,3937,747,892,792,766,550,947,1449,601,430,717,780
"1-9",3656,1377,1157,1656,732,711,625,873,630,3947,747,892,793,757,550,949,1449,595,436,694,801
"1-10",3543,1385,1188,1645,732,716,626,893,622,3947,747,896,793,746,568,949,1449,608,441,696,845
"1-11",3579,1387,1191,1645,732,698,627,852,621,3947,725,892,795,746,568,949,1500,615,453,701,845
"1-12",3631,1338,1191,1645,718,689,639,827,621,3958,732,891,810,746,568,986,1574,614,462,701,845
"1-13",3507,1338,1191,1589,728,692,641,827,621,3963,727,897,812,746,569,993,1590,610,462,701,861
"1-14",3529,1338,1194,1520,751,695,641,827,621,3829,733,896,812,747,567,986,1639,610,462,692,877
"1-15",3529,1338,1187,1534,726,695,641,827,631,3752,740,896,812,710,564,963,1678,610,462,694,861
"1-16",3529,1335,1162,1535,738,695,641,833,633,3748,740,896,812,709,564,953,1678,610,457,699,841
"1-17",3529,1321,1139,1542,738,695,637,797,643,3748,740,896,813,707,565,953,1678,614,455,715,828
"1-18",3617,1340,1125,1542,738,693,639,946,641,3748,740,839,811,708,565,953,1678,616,457,700,828
"1-19",3548,1310,1125,1542,738,686,624,947,641,3748,736,841,808,708,565,953,1692,619,473,700,828
"1-20",3758,1310,1125,1542,725,680,619,947,641,3710,751,831,806,708,565,953,1703,629,473,700,828
"1-21",3878,1310,1125,1582,720,663,619,947,641,3710,793,834,806,708,565,920,1639,629,473,700,851
"1-22",3878,1280,1100,1600,719,663,619,979,654,3713,783,834,806,708,561,918,1570,629,474,707,852
"1-23",3878,1280,1112,1614,705,663,618,1038,663,3713,783,834,805,708,578,897,1570,633,477,677,878
"1-24",3790,1268,1102,1628,705,656,615,1048,641,3713,783,835,805,708,592,897,1570,610,463,660,912
"1-25",3817,1250,1096,1628,705,646,604,1018,642,3713,781,842,813,703,592,897,1592,607,450,670,912
"1-26",3868,1238,1096,1628,700,644,596,1013,642,3715,782,836,815,703,592,893,1573,601,445,670,912
"1-27",3944,1238,1096,1637,683,643,591,1013,642,3861,779,838,816,703,606,935,1555,589,445,670,978
"1-28",4015,1238,1096,1592,700,653,591,1013,642,3747,801,844,816,701,607,909,1490,589,445,697,937
"1-29",4015,1229,1163,1582,708,653,591,885,638,3835,806,844,816,702,604,899,1509,589,448,707,940
"1-30",4015,1234,1147,1580,714,653,577,812,637,3842,806,844,817,703,604,887,1509,583,453,703,972
"1-31",4033,1230,1144,1524,714,644,579,822,649,3842,806,841,818,704,605,887,1509,590,442,690,1018
"2-1",4055,1221,1149,1524,714,641,576,784,655,3842,804,835,817,704,605,887,1536,586,436,682,1018
"2-2",4182,1216,1149,1524,719,641,577,788,655,3877,806,786,818,704,605,881,1573,574,436,682,1018
"2-3",4359,1216,1149,1508,716,635,568,788,655,3884,801,780,783,704,608,782,1565,617,436,682,1033
"2-4",4268,1216,1135,1542,737,629,568,788,649,3928,812,770,783,706,607,805,1595,617,436,683,1096
"2-5",4268,1248,1145,1541,777,629,568,795,657,3934,820,770,783,704,605,788,1603,617,460,659,1040
"2-6",4268,1242,1145,1555,767,629,565,807,657,3933,820,770,785,705,604,760,1603,633,474,672,1044
"2-7",4246,1271,1145,1565,767,626,575,818,648,3933,820,770,781,705,605,760,1603,649,471,690,1108
"2-8",4242,1270,1162,1565,767,630,568,790,659,3933,816,758,779,705,605,760,1639,653,506,700,1108
"2-9",4278,1271,1162,1565,751,640,573,808,659,3933,817,765,776,705,605,762,1637,635,543,700,1108
"2-10",4160,1271,1162,1562,747,640,557,808,659,3953,810,759,795,705,604,774,1693,628,543,700,1150
"2-11",4160,1271,1160,1532,733,635,557,808,660,3480,811,761,795,704,602,819,1733,628,543,706,1129
"2-12",4160,1246,1135,1542,724,635,557,760,659,3487,815,761,795,703,600,799,1702,628,518,659,1105
"2-13",4160,1233,1123,1555,733,635,557,761,655,3477,815,761,792,699,617,773,1702,624,534,644,1156
"2-14",4236,1220,1136,1533,733,637,553,696,648,3477,815,763,793,710,616,773,1702,607,532,656,1136
"2-15",4230,1203,1139,1533,733,644,557,720,652,3477,815,751,795,710,616,773,1702,613,509,684,1136
"2-16",4223,1219,1139,1533,733,638,571,723,652,3477,818,735,790,710,616,773,1659,609,497,684,1136
"2-17",4303,1219,1139,1533,743,638,570,723,652,3497,810,744,787,710,616,769,1583,617,497,684,1136
"2-18",4263,1219,1139,1506,746,644,570,723,652,3468,804,744,787,710,617,762,1555,617,497,684,1153
"2-19",4263,1219,1147,1490,759,644,570,723,644,3463,803,744,787,700,615,752,1542,617,497,682,1119
"2-20",4263,1251,1157,1494,760,644,570,719,627,3486,803,744,787,700,614,745,1542,617,497,674,1152
"2-21",4263,1258,1174,1506,760,644,570,697,618,3486,803,744,786,701,614,745,1542,592,504,630,1207
"2-22",4348,1258,1184,1506,760,652,579,678,618,3486,805,758,788,702,614,745,1483,568,504,611,1207
"2-23",3743,1259,1184,1506,750,644,575,683,618,3425,815,754,787,702,614,765,1472,578,500,611,1207
"2-24",3540,1259,1184,1508,743,641,572,683,618,3506,813,753,787,702,613,773,1464,596,500,611,1328
"2-25",3506,1259,1174,1509,760,642,572,683,605,3427,816,756,787,704,613,770,1451,596,500,605,1404
"2-26",3506,1259,1168,1513,747,642,572,686,602,3428,822,756,787,704,610,764,1405,596,491,606,1395
"2-27",3506,1268,1159,1498,762,642,567,740,609,3433,822,756,790,703,610,763,1405,576,469,584,1455
"2-28",3292,1268,1147,1522,762,632,574,717,626,3433,822,759,791,704,609,763,1405,572,490,589,1466
"3-1",3293,1265,1134,1522,747,630,570,717,640,3433,822,761,787,705,609,763,1352,573,511,598,1466
"3-2",3339,1261,1134,1522,746,617,566,716,640,3464,821,756,791,705,609,759,1346,580,517,598,1461
"3-3",3250,1261,1134,1513,740,618,564,716,652,3456,823,743,791,705,611,743,1340,578,517,598,1473
"3-4",3250,1261,1128,1554,737,612,564,716,654,3459,824,756,791,704,608,743,1329,578,517,615,1531
"3-5",3250,1288,1138,1559,742,612,564,719,646,3476,822,756,789,703,607,741,1329,578,515,632,1711
"3-6",3082,1311,1152,1519,742,612,563,725,651,3477,822,756,808,701,576,728,1329,575,528,630,1981
"3-7",2999,1314,1140,1516,742,607,582,717,666,3477,822,762,805,700,574,728,1295,570,536,646,1981
"3-8",2878,1303,1130,1516,729,592,590,712,666,3477,821,753,803,699,574,728,1299,590,545,641,1981
"3-9",2777,1284,1130,1516,727,595,578,706,666,3475,829,758,802,699,574,733,1278,605,544,641,2792
"3-10",2769,1284,1130,1530,727,599,569,706,671,3470,826,782,802,699,573,755,1274,603,544,641,2879
"3-11",2769,1284,1125,1540,738,606,569,706,651,3481,821,782,802,699,573,764,1252,603,544,612,3245
"3-12",2769,1299,1128,1534,741,606,569,701,663,3487,823,782,800,699,558,775,1252,603,539,604,3652
"3-13",2926,1302,1105,1459,741,606,566,712,667,3493,823,782,796,697,560,797,1252,599,545,615,3447
"3-14",3254,1328,1039,1438,741,627,569,704,694,3493,823,788,800,697,544,797,1232,610,549,600,3447
"3-15",3189,1344,1039,1438,734,636,560,708,694,3493,824,802,803,698,544,797,1209,609,547,590,3447
"3-16",3265,1361,1039,1438,730,638,561,705,694,3492,829,813,802,698,544,814,1138,590,548,590,3869
"3-17",3306,1361,1039,1426,731,624,562,705,733,3491,829,810,802,698,525,845,1084,587,548,590,3476
"3-18",3306,1361,1050,1386,721,621,562,705,678,3537,825,806,802,699,531,842,996,587,548,584,3717
"3-19",3306,1355,1056,1410,705,621,562,702,687,3533,827,806,797,700,519,864,996,587,569,585,3765
"3-20",3283,1362,1056,1395,705,621,558,701,687,3535,827,806,795,699,535,840,996,605,558,588,3648
"3-21",3220,1348,1071,1382,705,634,557,698,687,3535,827,798,800,698,535,840,1034,624,550,591,3648
"3-22",3230,1370,1073,1382,718,637,556,684,687,3535,831,797,803,698,535,840,1064,665,561,630,3648
"3-23",3264,1404,1073,1382,719,654,557,672,687,3538,831,797,804,698,535,844,1094,666,577,630,6063
"3-24",3157,1404,1073,1401,717,673,556,672,662,3538,815,791,804,698,533,835,1132,662,577,630,5245
"3-25",3157,1404,1076,1371,702,673,556,672,660,3698,807,784,804,699,528,826,1132,662,577,642,5239
"3-26",3157,1384,1055,1377,702,673,556,664,658,3702,814,784,806,698,519,824,1132,662,563,620,5596
"3-27",3187,1315,1057,1392,702,673,559,658,650,3700,814,784,810,699,507,837,1132,655,557,628,5552
"3-28",3011,1297,1037,1380,702,683,546,661,660,3700,814,781,809,700,506,837,1132,646,564,621,5552
"3-29",2907,1320,1037,1380,704,675,539,659,660,3700,813,784,826,700,506,837,1171,655,544,592,5552
"3-30",2953,1366,1037,1380,688,677,532,650,660,3687,813,780,824,700,506,844,1136,658,544,592,5376
"3-31",3111,1366,1037,1372,701,660,524,650,662,3568,817,780,824,700,508,865,1058,666,544,592,4553
"4-1",3111,1366,1045,1341,696,659,524,650,650,3519,816,778,824,700,498,868,1075,666,544,566,4783
"4-2",3111,1417,1018,1277,692,659,524,652,639,3514,816,778,827,699,503,868,1075,666,551,563,4567
"4-3",3136,1418,1017,1260,692,659,530,650,631,3394,816,778,804,680,504,874,1075,700,541,553,4439
"4-4",3220,1416,1005,1263,692,669,528,647,624,3394,816,743,807,681,506,874,1076,710,561,560,4439
"4-5",3376,1417,1028,1263,684,676,530,647,624,3394,800,736,811,680,506,874,1103,707,542,562,4439
"4-6",3395,1457,1028,1263,676,666,534,647,624,3396,803,730,811,680,506,867,1107,711,553,562,4458
"4-7",3454,1457,1028,1232,692,654,534,647,606,3415,813,736,811,680,501,858,1128,704,553,562,4457
"4-8",3454,1457,1032,1249,692,655,534,647,610,3417,811,734,811,680,500,856,1127,704,553,566,4841
"4-9",3454,1419,1035,1254,692,655,534,633,616,3415,811,734,818,679,501,836,1127,704,560,563,4696
"4-10",3501,1423,1020,1247,692,655,530,615,610,3415,811,734,821,677,472,825,1127,704,572,576,4696
"4-11",3481,1471,1010,1252,692,661,531,605,613,3415,811,734,819,677,470,825,1119,708,589,568,4696
"4-12",3445,1442,989,1252,701,662,523,611,613,3415,816,743,819,679,470,825,1102,711,577,558,4696
"4-13",3526,1442,989,1252,685,663,522,605,613,3418,819,745,838,679,470,805,1103,716,587,558,4715
"4-14",3580,1442,989,1229,711,691,522,605,611,3435,816,743,838,679,469,787,1101,716,587,558,4924
"4-15",3580,1442,1011,1214,751,730,522,605,602,3446,813,751,838,679,467,769,1108,716,587,551,5104
"4-16",3580,1437,1007,1231,739,730,522,604,588,3443,822,751,830,678,466,759,1108,716,592,528,5238
"4-17",3533,1447,983,1235,739,730,522,600,597,3437,822,751,789,677,433,766,1108,715,612,526,5188
"4-18",3278,1483,967,1235,739,737,514,598,587,3437,822,785,790,677,433,766,1145,726,593,528,5188
"4-19",3305,1503,961,1235,744,718,506,592,587,3437,818,785,790,676,433,766,1101,729,602,528,5188
"4-20",3296,1542,961,1235,826,786,504,581,587,3412,816,779,790,676,433,750,1086,733,612,528,5619
"4-21",3296,1542,961,1212,818,820,503,581,591,3411,820,780,790,676,433,744,1064,730,612,528,5782
"4-22",3296,1542,959,1224,820,861,503,581,593,3415,816,780,790,677,431,733,1064,730,612,523,5584
"4-23",3296,1552,980,1206,819,861,503,586,590,3374,812,780,792,677,426,715,1064,730,620,512,5527
"4-24",3326,1535,1000,1202,819,861,502,586,580,3372,812,780,790,676,426,701,1064,722,629,541,5497
"4-25",3241,1550,999,1192,819,887,490,592,574,3372,812,785,790,676,395,701,1046,697,628,557,5497
"4-26",3339,1561,978,1192,788,821,480,609,574,3372,814,790,791,677,395,701,1030,680,634,565,5497
"4-27",3287,1522,978,1192,793,833,480,601,574,3383,828,774,792,677,395,704,1024,689,650,565,5495
"4-28",3350,1522,978,1167,852,836,483,601,578,3379,819,779,792,677,394,702,959,667,650,565,5617
"4-29",3350,1522,983,1143,918,810,483,601,577,3382,823,782,792,668,393,691,941,667,650,569,4985
"4-30",3350,1482,1000,1103,925,810,483,600,574,3385,823,782,792,647,361,672,941,667,667,560,5129
"5-1",3349,1530,1004,1099,925,810,478,603,580,3386,823,782,791,647,361,671,941,663,672,553,4945
"5-2",3542,1498,996,1099,925,796,481,610,571,3386,823,782,792,647,344,671,938,663,684,555,4945
"5-3",3655,1415,1009,1099,982,787,479,616,571,3386,818,784,792,645,344,671,931,659,702,549,4945
"5-4",3776,1363,1009,1099,935,817,477,648,571,3390,828,785,794,645,344,665,958,675,714,549,4791
"5-5",3957,1363,1009,1040,922,797,481,648,569,3392,835,790,794,645,344,644,955,674,714,549,4514
"5-6",3957,1363,1011,1075,965,796,481,648,564,3434,867,793,794,644,343,627,949,674,714,551,4637
"5-7",3957,1401,1019,1080,1021,796,481,635,567,3427,887,793,794,643,342,637,949,674,715,563,4528
"5-8",3972,1398,1035,1085,1021,796,480,621,576,3452,887,793,795,642,343,628,949,665,759,565,4385
"5-9",3889,1416,1131,1071,1021,797,478,626,581,3452,887,796,794,642,342,628,960,671,780,584,4385
"5-10",3934,1420,1112,1071,1081,824,457,644,581,3452,879,790,793,639,342,628,958,661,737,568,4385
"5-11",3920,1371,1112,1071,1025,817,460,642,581,3466,880,793,811,639,342,614,953,657,742,568,4287
"5-12",3971,1371,1112,1088,972,829,465,642,580,3383,877,764,811,639,340,625,942,663,742,568,4264
"5-13",3971,1371,1115,1064,923,840,465,642,565,3393,879,767,811,639,340,618,926,663,742,595,4411
"5-14",3971,1365,1116,1081,858,840,465,636,558,3396,890,767,828,638,339,649,926,663,748,581,4518
"5-15",4133,1352,1095,1112,858,840,484,641,566,3399,890,767,860,638,339,670,926,646,716,574,4300
"5-16",3916,1352,1082,1150,858,837,482,617,564,3399,890,771,858,639,337,670,906,656,673,563,4300
"5-17",3950,1343,1083,1150,850,873,491,633,564,3399,887,773,858,637,337,670,904,671,661,572,4300
"5-18",3892,1308,1083,1150,861,864,491,612,564,3404,923,769,857,637,337,667,882,675,670,572,4193
"5-19",3777,1308,1083,1172,871,858,496,612,564,3405,921,770,857,637,354,689,891,671,670,572,4159
"5-20",3777,1308,1108,1189,879,851,496,612,565,3395,932,787,857,637,353,682,890,671,670,572,4111
"5-21",3777,1288,1153,1168,888,851,496,614,561,3360,933,787,858,637,365,684,890,671,653,553,4134
"5-22",3876,1278,1203,1134,888,851,513,609,547,3358,933,787,890,635,380,683,890,669,644,567,4151
"5-23",3913,1300,1245,1106,888,851,506,608,554,3358,933,787,909,635,379,683,894,663,630,590,4151
"5-24",4280,1311,1215,1106,859,862,524,620,554,3358,931,788,906,634,379,683,882,650,621,584,4151
"5-25",4269,1312,1215,1106,843,837,509,622,554,3358,962,803,907,634,379,683,870,658,624,584,4151
"5-26",4474,1312,1215,1106,888,867,504,622,554,3210,954,808,907,634,379,700,868,658,624,584,3891
"5-27",4474,1312,1215,1102,878,867,504,622,545,3051,942,810,907,634,378,704,861,658,624,584,3900
"5-28",4474,1312,1235,1127,909,867,504,622,544,3035,952,810,907,629,375,738,861,658,624,591,3901
"5-29",4474,1316,1197,1108,909,867,504,627,538,3003,952,810,924,627,373,735,861,658,657,599,3907
"5-30",4434,1357,1191,1128,909,867,503,639,541,3003,952,810,946,628,372,735,861,675,649,599,3907
"5-31",4499,1366,1184,1128,909,875,504,620,541,3003,952,799,948,626,372,735,855,694,671,619,3907
"6-1",4425,1394,1184,1128,926,874,495,618,541,2958,952,806,951,626,372,730,856,689,670,619,3605
"6-2",4443,1394,1184,1108,917,863,516,618,547,2964,948,809,951,626,370,732,862,695,670,619,3431
"6-3",4443,1394,1189,1102,908,870,516,618,556,2963,920,807,951,628,369,740,875,695,670,639,3182
"6-4",4443,1378,1213,1050,888,870,516,621,550,2954,937,807,949,628,367,755,875,695,655,614,3260
"6-5",4712,1357,1241,1043,888,870,503,625,545,2901,937,807,881,628,367,775,875,694,651,607,3062
"6-6",4310,1352,1290,1029,888,861,510,650,555,2901,937,808,878,628,365,775,864,690,650,601,3062
"6-7",4411,1278,1316,1029,839,859,509,648,555,2901,965,782,878,625,365,775,863,693,660,592,3062
"6-8",4475,1256,1316,1029,860,844,520,639,555,2881,966,789,878,625,365,792,861,698,664,592,3014
"6-9",4566,1256,1316,1033,861,842,514,639,568,2875,964,795,878,625,363,781,862,703,664,592,3208
"6-10",4566,1256,1288,1053,868,816,514,639,556,2860,953,797,878,623,361,748,863,703,664,574,3393
"6-11",4566,1229,1332,1090,868,816,514,643,560,2869,962,797,879,654,360,757,863,703,670,572,3460
"6-12",4506,1244,1288,1066,868,816,521,627,563,2704,962,797,875,651,360,755,863,696,685,583,3339
"6-13",4436,1258,1257,1083,868,806,529,637,562,2704,962,797,876,631,357,755,879,698,678,588,3339
"6-14",4477,1273,1303,1083,897,796,521,615,562,2704,958,787,876,636,357,755,879,702,696,589,3339
"6-15",4389,1297,1303,1083,896,783,506,603,562,2714,955,799,875,636,357,768,912,700,731,589,3326
"6-16",4491,1297,1303,1082,882,780,506,603,562,2677,957,803,875,636,355,788,922,714,731,589,3284
"6-17",4491,1297,1262,1054,887,767,506,603,558,2689,966,803,875,637,354,795,919,714,731,596,3276
"6-18",4491,1310,1264,1088,867,767,506,604,550,2675,963,803,878,637,385,785,919,714,776,576,3312
"6-19",4501,1307,1327,1101,867,767,507,586,552,2682,963,803,877,630,385,798,919,713,806,581,3257
"6-20",4577,1319,1423,1129,867,762,518,591,579,2682,963,802,891,648,384,798,914,736,762,563,3257
"6-21",4504,1303,1522,1129,859,793,518,600,579,2682,962,801,892,664,384,798,913,750,756,566,3257
"6-22",4478,1310,1522,1129,882,807,530,604,579,2692,968,801,891,664,384,783,904,753,728,566,3222
"6-23",4352,1310,1522,1157,875,821,528,604,574,2699,974,809,891,664,384,781,899,746,728,566,3180
"6-24",4352,1310,1382,1145,877,831,528,604,582,2705,971,816,891,661,383,771,917,746,728,584,3250
"6-25",4352,1292,1354,1193,889,831,528,631,583,2716,974,816,893,660,377,788,917,746,741,612,3311
"6-26",4378,1300,1390,1214,889,831,525,646,598,2723,974,816,892,662,377,791,917,731,742,594,3390
"6-27",4372,1297,1340,1209,889,832,538,663,610,2723,974,810,892,665,377,791,937,705,763,585,3390
"6-28",4309,1297,1262,1209,888,806,519,665,610,2723,995,796,893,665,377,791,928,706,765,580,3390
"6-29",4119,1303,1262,1209,908,799,528,711,610,2780,1000,787,892,665,377,821,911,705,761,580,3393
"6-30",3926,1303,1262,1178,952,808,519,711,596,1322,1013,783,892,665,376,824,913,706,761,580,3373
"7-1",3926,1303,1241,1168,960,801,519,711,598,1323,1014,779,892,665,406,826,908,706,761,553,3278
"7-2",3926,1288,1268,1174,933,801,519,700,607,1333,1013,779,887,665,404,831,908,706,752,568,3279
"7-3",3902,1299,1303,1189,933,801,510,707,610,1333,1013,779,877,664,403,831,908,700,720,573,3279
"7-4",3902,1299,1303,1189,933,801,510,707,610,1333,1013,779,877,664,403,831,908,700,720,573,3279
"7-5",3903,1296,1292,1189,933,810,513,707,610,1333,1013,790,870,658,403,831,902,708,689,567,3279
"7-6",3930,1307,1292,1189,916,809,514,696,610,1302,1018,794,872,658,403,896,900,715,665,567,2783
"7-7",4086,1307,1292,1280,925,815,519,696,611,1295,1016,772,872,658,402,894,899,716,665,567,2760
"7-8",4086,1307,1289,1255,931,797,519,696,665,1310,1014,788,872,663,402,909,899,716,665,575,2818
"7-9",4086,1303,1284,1260,933,797,519,699,663,1300,997,788,864,662,435,865,899,716,653,566,2874
"7-10",3878,1326,1289,1238,933,797,517,724,684,1311,997,788,864,659,437,852,899,717,657,566,2880
"7-11",3744,1394,1302,1238,933,803,516,725,672,1311,997,796,863,664,436,852,886,713,683,569,2880
"7-12",3953,1441,1228,1238,932,771,514,719,672,1311,998,797,864,662,436,852,869,692,680,572,2880
"7-13",4021,1406,1228,1238,915,738,524,721,672,1307,992,797,847,662,436,851,867,680,653,572,2760
"7-14",3982,1406,1228,1220,906,735,517,721,678,1299,999,794,847,662,435,862,874,678,653,572,2742
"7-15",3982,1406,1255,1201,926,727,517,721,694,1284,1007,799,847,664,433,899,866,678,653,572,2723
"7-16",3982,1448,1278,1195,928,727,517,722,693,1289,1012,799,850,665,430,896,866,678,665,577,2757
"7-17",3956,1407,1248,1171,928,727,517,682,687,1281,1012,799,849,667,431,895,866,674,661,599,2725
"7-18",3968,1465,1253,1170,928,723,509,691,687,1281,1012,800,851,622,429,895,861,672,643,617,2725
"7-19",4080,1455,1259,1170,933,725,499,688,687,1281,1011,799,834,623,429,895,861,672,650,593,2725
"7-20",4125,1412,1259,1170,944,733,495,706,687,1288,1013,796,836,623,429,904,868,673,642,593,2729
"7-21",3969,1412,1259,1150,944,718,492,706,687,1299,1017,763,836,623,428,909,870,681,642,593,2693
"7-22",3969,1412,1309,1132,929,743,492,706,684,1293,1029,766,836,622,428,926,858,681,642,581,2688
"7-23",3969,1387,1410,1112,914,743,492,723,669,1226,1024,766,837,621,424,948,858,681,639,576,2742
"7-24",3977,1397,1441,1108,914,743,489,751,682,1216,1024,766,854,617,423,959,858,684,627,574,2777
"7-25",3864,1404,1583,1086,914,767,484,728,673,1216,1024,764,853,618,422,959,856,673,607,575,2777
"7-26",3956,1398,1643,1086,924,751,484,779,673,1216,1023,768,852,621,422,959,875,677,585,574,2777
"7-27",2908,1436,1643,1086,927,743,480,710,673,1168,1018,764,847,621,422,975,881,674,584,574,2796
"7-28",2867,1436,1643,1078,912,736,482,710,682,1168,1026,764,847,621,421,979,883,675,584,574,2804
"7-29",2867,1436,1832,1088,870,735,482,710,678,1166,1027,779,847,621,419,971,877,675,584,577,2815
"7-30",2867,1416,1797,1130,852,735,482,712,663,1166,1037,779,851,620,415,965,877,675,604,599,2954
"7-31",2846,1454,1780,1147,852,735,488,711,664,1180,1037,779,852,620,415,980,877,673,603,603,2755
"8-1",2889,1470,1704,1181,852,721,492,718,666,1180,1037,782,849,617,417,980,885,670,622,637,2755
"8-2",3068,1439,1764,1181,872,708,491,700,666,1180,1034,791,851,621,417,980,883,665,625,651,2755
"8-3",2993,1427,1764,1181,869,705,492,692,666,1168,1042,789,831,621,417,990,883,656,623,651,2755
"8-4",2883,1427,1764,1212,869,701,492,692,665,1164,1036,799,831,621,416,988,887,648,623,651,2740
"8-5",2883,1427,1853,1172,849,688,492,692,661,1159,1042,790,831,620,416,985,878,648,623,717,2752
"8-6",2883,1414,1806,1280,842,688,492,688,662,1161,1047,790,832,619,407,1019,878,648,627,698,2755
"8-7",2820,1444,1767,1260,842,688,485,677,675,1150,1047,790,827,617,415,1043,878,646,635,706,2764
"8-8",2801,1456,1729,1242,842,701,476,627,674,1150,1047,801,825,618,413,1043,878,626,648,666,2764
"8-9",2827,1481,1787,1242,827,700,476,651,674,1150,1046,872,825,617,413,1043,872,628,656,660,2764
"8-10",2782,1480,1787,1242,830,699,485,666,674,1159,1052,872,827,617,413,1038,884,635,687,660,2767
"8-11",2856,1480,1787,1242,851,701,481,666,672,1165,1055,869,827,617,413,1073,877,643,687,660,2766
"8-12",2856,1480,1854,1194,846,714,481,666,682,1143,1052,900,827,617,412,1105,882,643,687,706,2772
"8-13",2856,1507,1898,1174,831,714,481,660,680,1155,1052,900,827,613,410,1107,882,643,720,698,2784
"8-14",2859,1503,1828,1161,831,714,478,696,684,1160,1052,900,825,613,410,1132,882,632,703,725,2780
"8-15",2578,1505,1812,1162,831,700,478,696,687,1160,1052,896,796,611,409,1132,869,633,714,742,2780
"8-16",2650,1480,1744,1162,832,700,476,770,687,1160,1060,901,795,610,409,1132,859,634,699,737,2780
"8-17",2586,1530,1744,1162,841,703,477,745,687,1140,1002,902,795,610,409,1150,866,642,706,737,2776
"8-18",2600,1530,1744,1134,840,708,479,745,723,1135,1001,903,795,610,408,1157,850,639,706,737,2773
"8-19",2600,1530,1647,1106,830,731,479,745,720,1113,1006,901,795,631,406,1193,850,639,706,733,2772
"8-20",2600,1521,1667,1099,822,731,479,759,725,1114,1031,901,796,656,399,1240,850,639,721,741,2795
"8-21",2603,1546,1647,1090,822,731,483,763,728,1101,1031,901,770,652,400,1270,850,640,712,704,2787
"8-22",2547,1488,1705,1110,822,737,490,727,725,1101,1031,899,774,648,398,1270,855,638,690,696,2787
"8-23",2300,1472,1676,1110,830,744,494,716,725,1101,1030,900,775,650,398,1270,851,642,683,715,2787
"8-24",2337,1481,1676,1110,814,746,512,714,725,1108,1039,892,774,650,398,1336,852,636,687,715,2792
"8-25",2242,1481,1676,1113,823,732,524,714,733,1112,1034,896,774,650,397,1315,842,633,687,715,2799
"8-26",2242,1481,1672,1108,826,720,524,714,741,1084,1035,901,774,651,396,1331,841,633,687,713,2805
"8-27",2242,1480,1647,1119,826,720,524,693,742,1081,1024,901,775,653,393,1332,841,633,686,730,2804
"8-28",2249,1437,1726,1175,826,720,522,711,728,1084,1024,901,775,648,354,1360,841,636,679,734,2815
"8-29",2222,1405,1733,1153,826,719,524,689,724,1084,1024,868,783,649,316,1360,858,642,684,726,2815
"8-30",2186,1437,1704,1153,812,720,528,707,724,1084,1035,872,786,649,316,1360,858,640,710,705,2815
"8-31",1340,1411,1704,1153,813,727,532,676,724,1091,1040,871,791,649,316,1344,863,643,725,705,2813
"9-1",1317,1411,1704,1153,815,721,532,676,724,1096,1033,876,791,649,316,1348,863,639,725,705,2170
"9-2",1317,1411,1704,1151,812,716,532,676,731,1104,1033,876,791,649,313,1358,856,639,725,705,2180
"9-3",1317,1411,1723,1110,809,716,532,676,737,1102,1025,876,791,646,349,1350,856,639,725,693,2183
"9-4",1317,1366,1727,1114,809,716,532,671,749,1100,1025,876,789,640,386,1362,856,639,736,657,2468
"9-5",1341,1388,1735,1104,809,716,525,690,762,1100,1025,876,788,634,289,1362,856,649,739,640,2468
"9-6",1315,1412,1708,1104,809,712,532,690,762,1100,1025,876,776,640,289,1362,867,645,732,634,2468
"9-7",1326,1432,1708,1104,816,709,543,701,762,1100,1035,874,778,640,289,1362,856,648,734,634,2468
"9-8",1331,1432,1708,1105,821,704,545,701,756,1093,1030,877,778,640,385,1330,843,642,734,634,2473
"9-9",1331,1432,1690,1095,849,707,545,701,804,1092,1020,896,778,642,383,1347,856,642,734,629,2852
"9-10",1331,1419,1688,1085,848,707,545,698,806,1104,1018,896,778,639,379,1334,856,642,757,638,952
"9-11",1339,1419,1677,1080,848,707,548,695,831,1062,1018,896,778,640,379,1338,856,634,762,637,948
"9-12",1311,1419,1715,1074,848,708,556,696,841,1062,1018,892,776,641,378,1338,863,630,741,633,948
"9-13",1325,1456,1663,1074,844,710,561,672,841,1062,1012,889,778,640,378,1338,862,627,707,656,948
"9-14",1277,1517,1663,1074,825,698,564,672,841,1056,1020,889,723,640,378,1351,872,624,703,656,958
"9-15",1286,1517,1663,1063,806,691,574,672,974,1013,1019,886,723,640,377,1342,877,620,703,656,941
"9-16",1286,1517,1720,1104,798,672,574,672,1006,982,1017,888,723,645,376,1299,879,620,703,642,951
"9-17",1286,1489,1765,1107,791,672,574,671,1026,989,1019,888,722,647,370,1249,879,620,706,612,950
"9-18",1355,1487,1803,1131,791,672,575,637,1037,981,1019,888,723,652,369,1264,879,617,708,608,960
"9-19",1297,1498,1814,1117,791,674,586,647,927,981,1019,911,722,651,368,1264,871,617,712,612,960
"9-20",1301,1533,1796,1117,765,662,598,642,927,981,1022,881,722,651,368,1264,865,616,671,608,960
"9-21",1241,1542,1796,1117,773,671,626,630,927,981,1032,876,723,651,368,1284,851,625,632,608,994
"9-22",1244,1542,1796,1126,773,673,623,630,904,946,1032,881,723,651,369,1314,830,629,632,608,985
"9-23",1244,1542,1827,1117,775,673,623,630,910,964,1031,877,723,652,369,1332,830,629,632,628,1021
"9-24",1244,1550,1831,1115,786,673,623,632,930,965,1029,877,732,652,364,1361,830,629,617,663,1012
"9-25",1273,1530,1829,1109,786,673,630,632,946,954,1029,877,740,674,364,1372,830,628,618,678,1031
"9-26",1285,1563,1936,1096,786,652,623,614,952,954,1029,873,741,674,362,1372,827,628,613,668,1031
"9-27",1257,1556,1965,1096,785,648,624,617,952,954,1036,869,741,627,362,1372,879,616,600,676,1031
"9-28",1259,1516,1965,1096,790,653,631,616,952,957,1041,869,743,627,362,1404,871,611,621,676,1032
"9-29",1261,1516,1965,1099,778,639,608,616,1008,938,1036,868,743,627,361,1445,848,606,621,676,1045
"9-30",1261,1516,1975,1121,778,634,608,616,1001,940,1226,868,743,628,401,1451,845,606,621,677,1015
"10-1",1261,1541,1966,1112,777,634,608,603,1078,953,1010,868,743,626,400,1498,845,606,630,684,989
"10-2",1248,1561,1949,1108,777,634,609,611,1162,945,1010,868,743,627,399,1494,845,597,624,682,1006
"10-3",1243,1556,1951,1077,777,630,622,614,1160,945,1010,876,743,627,396,1494,840,585,618,686,1006
"10-4",1240,1551,1929,1077,734,654,645,608,1160,945,1015,873,751,626,396,1494,826,576,639,684,1006
"10-5",1234,1565,1929,1077,730,642,627,598,1160,883,1017,899,748,626,396,1458,812,574,656,684,985
"10-6",1244,1565,1929,1066,728,684,620,598,1341,881,1021,896,748,626,417,1439,803,574,656,684,962
"10-7",1244,1565,1985,1080,705,651,620,598,1298,937,1024,891,748,624,417,1418,806,574,656,667,969
"10-8",1244,1565,1980,1049,700,651,620,598,1347,882,1029,891,748,620,414,1419,806,574,656,777,963
"10-9",1244,1592,2014,1013,700,651,620,584,1431,871,1029,891,748,620,413,1385,806,574,644,783,938
"10-10",1245,1557,2030,1006,700,651,611,585,1509,871,1029,891,756,621,413,1385,806,577,660,762,938
"10-11",1256,1558,2026,1006,700,670,607,585,1509,871,1029,885,756,622,413,1385,798,577,669,744,938
"10-12",1303,1592,2026,1006,685,687,614,582,1509,871,1025,882,765,622,413,1385,795,578,667,744,938
"10-13",1301,1592,2026,1006,704,701,606,582,1509,879,1040,889,765,622,413,1386,794,576,667,744,948
"10-14",1301,1592,2026,988,727,700,606,582,1397,870,1035,889,765,622,414,1377,783,576,667,744,955
"10-15",1301,1557,1924,980,711,700,606,586,1470,842,1007,889,765,621,432,1334,783,576,663,800,958
"10-16",1296,1530,1925,987,711,700,520,591,1543,845,1007,889,763,622,428,1289,783,569,654,823,959
"10-17",1332,1529,1897,1013,711,690,535,596,1610,845,1007,892,759,624,427,1289,775,563,653,805,959
"10-18",1330,1537,1898,1013,705,688,527,593,1610,845,1013,895,767,503,427,1289,762,569,676,809,959
"10-19",1313,1496,1898,1013,726,709,527,608,1610,846,1015,894,768,503,427,1266,757,564,681,809,963
"10-20",1318,1496,1898,1010,734,711,530,608,1668,829,1016,894,768,503,427,1254,746,562,681,809,976
"10-21",1318,1496,2018,1015,751,727,530,608,1916,809,1013,894,768,503,425,1257,737,562,681,809,989
"10-22",1318,1488,2044,1040,742,727,530,614,2439,810,1012,894,766,504,422,1222,737,562,692,808,990
"10-23",1338,1488,2113,1052,742,727,524,614,2819,804,1012,894,786,502,420,1225,737,560,698,816,1000
"10-24",1320,1490,2122,1053,742,706,509,621,2989,804,1012,892,786,502,419,1225,729,561,704,797,1000
"10-25",1332,1503,2200,1053,754,683,494,613,2989,804,1009,899,782,502,419,1225,714,563,696,781,1000
"10-26",1378,1514,2200,1053,761,688,502,607,2989,796,1003,894,785,502,419,1240,716,565,698,781,1024
"10-27",1363,1514,2200,1037,758,689,502,607,2985,807,997,870,785,502,418,1257,717,573,698,781,1023
"10-28",1363,1514,2122,1023,744,682,502,607,3130,812,1004,876,785,501,418,1232,721,573,698,780,1040
"10-29",1363,1561,2143,1001,745,682,502,597,3129,802,1011,876,786,500,413,1235,721,573,704,779,1029
"10-30",1349,1540,1934,983,745,682,508,596,3153,814,1011,876,786,499,413,1252,721,572,715,801,1029
"10-31",1331,1558,1854,978,745,660,513,575,3150,814,1011,886,824,499,412,1252,743,563,722,789,1029
"11-1",1325,1548,1761,978,733,661,523,590,3150,814,1012,891,824,523,412,1252,746,548,694,761,1029
"11-2",1307,1535,1761,978,728,655,510,596,3150,813,1013,893,824,523,412,1212,766,543,681,761,1017
"11-3",1342,1535,1761,958,725,662,498,596,3080,810,1016,892,824,523,411,1196,772,547,681,761,993
"11-4",1342,1535,1784,946,731,671,498,596,3089,807,1026,894,824,523,546,1171,784,547,681,747,982
"11-5",1342,1494,1876,960,744,671,498,594,3109,811,1019,894,826,523,562,1171,784,547,678,750,986
"11-6",1327,1508,1868,963,744,671,493,585,3109,814,1019,894,804,522,678,1173,784,543,682,760,993
"11-7",1351,1480,1871,958,744,663,495,609,2945,814,1019,895,808,523,586,1173,776,558,686,763,993
"11-8",1369,1432,1859,958,747,662,495,617,2945,814,1015,847,809,520,586,1173,759,560,700,764,993
"11-9",1377,1435,1859,958,750,654,498,621,2945,816,1004,865,809,520,586,1175,746,567,708,764,952
"11-10",1377,1435,1859,954,723,663,501,621,2941,816,1008,862,809,520,585,1179,767,562,708,764,982
"11-11",1377,1435,1859,954,723,663,501,621,2941,816,1008,862,809,520,585,1179,767,562,708,764,982
"11-12",1377,1435,1884,950,711,663,501,621,3029,820,996,862,809,518,579,1218,767,562,704,790,1000
"11-13",1379,1362,1894,940,711,663,500,611,4218,821,996,862,810,518,578,1259,767,561,740,812,1007
"11-14",1376,1364,1885,950,711,665,507,606,4460,821,996,863,810,519,577,1259,849,560,743,829,1007
"11-15",1332,1353,1820,950,703,663,508,609,4460,821,982,862,811,519,577,1259,783,581,762,853,1007
"11-16",1310,1363,1820,950,708,647,519,616,4460,829,985,862,811,519,577,1270,794,557,761,853,1005
"11-17",1314,1363,1820,963,713,650,531,616,4457,830,986,864,811,519,577,1283,781,552,761,853,1028
"11-18",1314,1363,1807,945,720,648,531,616,4469,827,983,860,811,544,577,1278,759,552,761,1128,1081
"11-19",1314,1400,1730,945,734,648,531,631,4476,831,981,860,810,544,571,1253,759,552,785,1223,1063
"11-20",1328,1370,1764,933,734,648,525,619,4493,830,981,860,809,544,574,1236,759,543,815,1346,1064
"11-21",1333,1358,1686,901,734,640,518,637,4280,830,981,861,807,544,574,1236,747,527,806,1418,1064
"11-22",1341,1358,1677,901,729,630,528,637,4280,830,990,863,807,542,574,1236,746,517,806,1319,1064
"11-23",1341,1371,1677,901,721,633,528,629,4280,817,995,863,807,542,574,1218,745,517,815,1319,1071
"11-24",1339,1371,1677,908,713,633,536,629,4213,825,979,863,807,542,563,1172,745,510,815,1319,1081
"11-25",1339,1371,1658,934,713,630,536,629,4039,825,979,863,807,540,569,1182,746,510,815,1240,1079
"11-26",1339,1355,1725,934,708,630,536,654,3575,825,979,863,826,539,550,1182,746,510,804,1114,1079
"11-27",1368,1347,1707,934,708,630,604,642,3575,832,979,863,827,539,550,1192,746,505,817,1150,1060
"11-28",1395,1355,1707,910,708,636,598,627,3576,832,979,862,828,539,550,1192,735,508,760,1150,1060
"11-29",1372,1380,1696,910,702,646,595,633,3576,832,983,861,828,539,550,1192,746,507,749,1146,1060
"11-30",1441,1393,1696,910,696,642,612,616,3576,842,988,838,829,539,550,1207,736,507,740,1146,1065
"12-1",1406,1393,1696,887,685,631,674,616,3604,844,971,837,829,539,607,1190,724,507,740,1146,1054
"12-2",1406,1393,1709,897,697,638,674,616,3481,839,969,840,829,539,603,1176,728,507,740,1152,1059
"12-3",1406,1341,1744,880,699,638,674,632,3489,835,974,840,829,539,599,1160,728,507,710,1142,1051
"12-4",1411,1344,1803,888,699,638,686,632,3558,823,974,840,830,537,605,1149,728,496,735,1139,1019
"12-5",1405,1277,1856,889,699,629,688,627,3490,823,974,840,830,536,617,1149,712,498,735,1119,1019
"12-6",1442,1268,1821,889,698,629,686,618,3490,823,984,839,831,535,617,1149,704,496,741,1062,1019
"12-7",1441,1272,1821,889,704,652,708,611,3490,829,962,844,830,535,617,1164,692,488,718,1062,1030
"12-8",1451,1272,1821,853,718,649,691,611,3486,837,952,847,830,535,658,1202,698,482,718,1062,1025
"12-9",1451,1272,1804,824,719,640,691,611,3491,834,949,844,830,534,693,1213,679,482,718,1051,1020
"12-10",1451,1255,1795,845,740,640,691,588,3511,842,916,844,830,535,751,1234,679,482,731,1001,1025
"12-11",1457,1252,1802,869,740,640,674,606,3496,860,916,844,830,533,881,1269,679,474,742,959,1027
"12-12",1477,1244,1756,862,740,640,666,603,3924,860,916,846,829,530,947,1269,669,470,725,929,1027
"12-13",1485,1232,1724,862,739,640,616,591,3924,860,922,846,827,530,947,1269,658,473,723,921,1027
"12-14",1468,1237,1724,862,736,640,641,586,3924,856,907,845,828,530,947,1260,657,468,735,921,1042
"12-15",1492,1237,1724,851,739,637,669,586,4325,862,904,845,828,530,1010,1210,662,457,735,921,1041
"12-16",1492,1237,1704,825,730,639,669,586,5020,827,908,848,828,529,1111,1232,662,457,735,899,1035
"12-17",1492,1242,1719,820,710,639,669,596,5040,839,919,848,826,530,1017,1237,662,457,748,881,1029
"12-18",1476,1249,1740,816,710,639,674,601,5054,833,919,848,823,527,924,1259,662,447,762,860,1032
"12-19",1436,1260,1794,816,710,645,672,607,5055,833,919,847,823,524,898,1259,664,449,776,867,1032
"12-20",1427,1237,1833,816,708,650,671,611,5055,833,917,844,823,522,898,1259,656,450,797,846,1032
"12-21",1470,1240,1833,816,712,648,675,600,5055,809,916,840,824,522,898,1294,656,455,812,846,1053
"12-22",1472,1240,1833,813,704,648,852,600,5069,791,912,840,824,522,878,1284,636,455,812,846,1055
"12-23",1472,1240,1845,810,708,654,852,600,4666,791,908,835,824,534,846,1270,650,455,812,840,1054
"12-24",1472,1232,1853,807,708,654,852,593,4672,786,908,835,823,531,858,1267,650,455,815,833,1057
"12-25",1472,1232,1853,807,708,654,852,593,4672,786,908,835,823,531,858,1267,650,455,815,833,1057
"12-26",1474,1226,1851,814,708,654,854,590,4671,786,908,835,823,531,875,1267,650,454,816,825,1057
"12-27",1491,1225,1858,814,697,658,878,598,4671,786,904,836,825,531,875,1267,632,458,822,820,1057
"12-28",1426,1229,1858,814,706,655,889,606,4671,779,904,840,825,531,875,1267,631,456,822,820,1057
"12-29",1415,1229,1858,814,700,655,920,606,4735,779,908,843,825,531,862,1260,636,459,822,820,1056
"12-30",1415,1229,1888,809,694,669,920,606,4729,775,905,846,825,532,881,1262,647,459,822,825,1063
"12-31",1415,1233,1801,799,690,669,920,614,4731,769,913,846,826,530,883,1266,647,459,826,826,1062
